pct_data,model,auroc_mean,auroc_std,f1_mean,f1_std
10,resnet50_200K,0.8145000000000001,0.0665033833725773,0.4763333333333333,0.1220568173707092
25,efficientnetb0,0.8921666666666667,0.0307988095008016,0.6196666666666667,0.0653748167620121
50,efficientnetb0,0.9133333333333334,0.0129099444873581,0.6713333333333334,0.0373559455330295
75,efficientnetb0,0.9213333333333334,0.0203928091901696,0.6888333333333333,0.0558047190358187
100,efficientnetb0,0.933,0.0151261363209512,0.7093333333333334,0.0491351876628823
