pct_data,model,auroc_mean,auroc_std,f1_mean,f1_std
10,resnet50_5M,0.684,0.0575186926137929,0.3248333333333333,0.1099189095045373
25,resnet50_5M,0.6901666666666667,0.0611601722256132,0.3563333333333333,0.0578711211803146
50,resnet50_200K,0.7200000000000001,0.0143108350559986,0.4186666666666667,0.0148279016272251
75,resnet50_imagenet,0.6891666666666666,0.024587937421969,0.4048333333333334,0.0433008852873317
100,resnet50_5M,0.6911666666666667,0.0236424758996739,0.3635,0.0642549608979727
