pct_data,model,auroc_mean,auroc_std,f1_mean,f1_std
10,vits16_gastronet,0.6703333333333333,0.1052362421728687,0.3226666666666666,0.0732220367557927
25,resnet50_1M,0.6609999999999999,0.0625139984323511,0.3405,0.0213330729150771
50,vits16_gastronet,0.7123333333333334,0.0497580814206764,0.3846666666666666,0.0781988917227518
75,vits16_gastronet,0.7639999999999999,0.0296310647800581,0.4213333333333333,0.0248166610700687
100,vits16_gastronet,0.7471666666666666,0.028659495227004,0.415,0.0424122623777605
