pct_data,model,auroc_mean,auroc_std,f1_mean,f1_std
10,resnet50_1M,0.666,0.134950361244422,0.3305,0.0944939151480136
25,vits16_gastronet,0.681,0.0568541994930893,0.3263333333333333,0.0530873494032869
50,vits16_gastronet,0.7216666666666667,0.0333566585057116,0.3638333333333333,0.0569259753246852
75,vits16_gastronet,0.7668333333333334,0.0335345592883918,0.4235,0.0347433446864287
100,vits16_gastronet,0.773,0.0185040536099526,0.4453333333333333,0.0355902608401043
