model,freeze,head_type,subset_ratio,pct_data,seed,n_train,f1,auroc,clip_f1,clip_auroc,micro_f1,macro_f1,clin_sensitivity,clin_specificity,clin_f1,checkpoint_dir,sens_mayo0,sens_mayo1,sens_mayo2,sens_mayo3,spec_mayo0,spec_mayo1,spec_mayo2,spec_mayo3
efficientnetb0,finetune,linear,0.1,10,42,814,0.271,0.568,0.14,0.529,0.30029154518950435,0.2715112562729254,0.5570093457943925,0.4449152542372881,0.40053763440860213,output\mes\models\efficientnetb0\0\linear\20260605_155233,0.27531645569620256,0.2543103448275862,0.4831081081081081,0.2175732217573222,0.7992177314211213,0.8057990559676331,0.6039464411557435,0.8672086720867209
vits16_imagenet,finetune,linear,0.1,10,42,814,0.274,0.612,0.306,0.746,0.43673469387755104,0.2742607209155426,0.5831775700934579,0.5923728813559322,0.46987951807228917,output\mes\models\vits16_imagenet\0\linear\20260605_155529,0.609704641350211,0.04310344827586207,0.05067567567567568,0.6108786610878661,0.6192959582790091,0.9716790289952798,0.9323467230443975,0.6368563685636857
